사고번호,사고일시,요일,시군구,도로명주소,사고내용,사망자수,중상자수,경상자수,부상신고자수,사고유형,법규위반,노면상태,기상상태,도로형태,가해운전자 차종,가해운전자 성별,가해운전자 연령,가해운전자 상해정도,피해운전자 차종,피해운전자 성별,피해운전자 연령,피해운전자 상해정도
2021070600100584,2021년 7월 6일 23시,화요일,서울특별시 강서구 가양동,,중상사고,0,1,0,0,차대차 - 측면충돌,안전운전불이행,-,맑음,교차로 - 교차로안,개인형이동수단(PM),남,30세,중상,화물,남,54세,상해없음
2021070700100060,2021년 7월 7일 07시,수요일,서울특별시 마포구 공덕동,,경상사고,0,0,1,0,차대사람 - 보도통행중,기타,-,맑음,단일로 - 기타,개인형이동수단(PM),남,18세,상해없음,보행자,남,42세,경상
2021070900100485,2021년 7월 9일 19시,금요일,서울특별시 구로구 고척동,,경상사고,0,0,1,0,차대차 - 기타,중앙선침범,-,맑음,교차로 - 교차로안,개인형이동수단(PM),남,52세,경상,승용,남,28세,상해없음
2021071100100133,2021년 7월 11일 13시,일요일,서울특별시 강남구 역삼동,,경상사고,0,0,1,0,차대사람 - 기타,기타,-,기타,기타 - 기타,개인형이동수단(PM),남,19세,상해없음,보행자,남,26세,경상
2021071100100225,2021년 7월 11일 16시,일요일,서울특별시 송파구 잠실동,,경상사고,0,0,1,0,차대차 - 기타,안전운전불이행,-,맑음,기타 - 기타,개인형이동수단(PM),남,33세,상해없음,자전거,여,50세,경상
2021071100100368,2021년 7월 11일 21시,일요일,서울특별시 강남구 논현동,,중상사고,0,1,0,0,차대차 - 기타,안전운전불이행,-,맑음,단일로 - 기타,개인형이동수단(PM),여,43세,중상,승용,남,49세,상해없음
2021071300100581,2021년 7월 13일 21시,화요일,서울특별시 강동구 천호동,,경상사고,0,0,1,0,차대사람 - 기타,안전운전불이행,-,맑음,교차로 - 교차로안,개인형이동수단(PM),남,41세,상해없음,보행자,남,56세,경상
2021071400100169,2021년 7월 14일 11시,수요일,서울특별시 동작구 대방동,,경상사고,0,0,1,0,차대차 - 측면충돌,안전운전불이행,-,맑음,단일로 - 기타,개인형이동수단(PM),남,25세,경상,승용,남,60세,상해없음
2021071500100031,2021년 7월 15일 05시,목요일,서울특별시 노원구 하계동,,중상사고,0,1,0,0,차대차 - 기타,교차로운행방법위반,-,맑음,교차로 - 교차로안,개인형이동수단(PM),여,26세,중상,승용,남,66세,상해없음
2021071500100501,2021년 7월 15일 19시,목요일,서울특별시 송파구 방이동,,부상신고사고,0,0,0,1,차대사람 - 기타,안전운전불이행,-,맑음,교차로 - 교차로부근,개인형이동수단(PM),남,27세,상해없음,보행자,남,38세,부상신고
2021071600100176,2021년 7월 16일 11시,금요일,서울특별시 송파구 방이동,,경상사고,0,0,1,0,차대차 - 기타,불법유턴,-,맑음,교차로 - 교차로부근,개인형이동수단(PM),여,26세,경상,승용,남,64세,상해없음
2021071600100604,2021년 7월 16일 21시,금요일,서울특별시 노원구 공릉동,,경상사고,0,0,1,0,차대사람 - 기타,안전운전불이행,-,맑음,단일로 - 기타,개인형이동수단(PM),여,23세,기타불명,보행자,여,37세,경상
2021071700100371,2021년 7월 17일 16시,토요일,서울특별시 강남구 논현동,,경상사고,0,0,1,0,차대차 - 기타,안전운전불이행,-,맑음,단일로 - 기타,개인형이동수단(PM),남,27세,상해없음,이륜,남,34세,경상
2021071800100425,2021년 7월 18일 22시,일요일,서울특별시 양천구 신정동,,경상사고,0,0,1,0,차대차 - 측면충돌,안전운전불이행,-,비,기타 - 기타,개인형이동수단(PM),남,21세,경상,승용,남,55세,상해없음
2021072100100448,2021년 7월 21일 17시,수요일,서울특별시 송파구 오금동,,경상사고,0,0,1,0,차대차 - 정면충돌,안전운전불이행,-,맑음,교차로 - 교차로횡단보도내,개인형이동수단(PM),남,56세,경상,승용,여,41세,상해없음
2021072200100519,2021년 7월 22일 19시,목요일,서울특별시 강남구 대치동,,경상사고,0,0,1,0,차대차 - 기타,신호위반,-,맑음,교차로 - 교차로안,개인형이동수단(PM),남,27세,상해없음,이륜,남,44세,경상
2021072300100035,2021년 7월 23일 05시,금요일,서울특별시 영등포구 문래동1가,,중상사고,0,1,0,0,차대차 - 측면충돌,안전거리미확보,-,맑음,단일로 - 기타,개인형이동수단(PM),남,64세,중상,승용,남,14세,상해없음
2021072300100141,2021년 7월 23일 10시,금요일,서울특별시 송파구 방이동,,경상사고,0,0,1,0,차대사람 - 보도통행중,안전운전불이행,-,맑음,기타 - 기타,개인형이동수단(PM),여,58세,상해없음,보행자,남,74세,경상
2021072300100474,2021년 7월 23일 18시,금요일,서울특별시 노원구 상계동,,경상사고,0,0,1,0,차대차 - 기타,안전운전불이행,-,맑음,교차로 - 교차로부근,개인형이동수단(PM),남,27세,경상,승용,남,51세,상해없음
2021072400100317,2021년 7월 24일 15시,토요일,서울특별시 강남구 대치동,,경상사고,0,0,1,0,차대차 - 기타,안전운전불이행,-,맑음,기타 - 기타,개인형이동수단(PM),여,34세,경상,이륜,남,35세,상해없음
2021072600100233,2021년 7월 26일 12시,월요일,서울특별시 동대문구 회기동,,경상사고,0,0,1,0,차대차 - 정면충돌,안전운전불이행,-,맑음,단일로 - 기타,개인형이동수단(PM),여,22세,경상,승용,남,59세,상해없음
2021072600100601,2021년 7월 26일 22시,월요일,서울특별시 강북구 번동,,경상사고,0,0,1,0,차대사람 - 길가장자리구역통행중,안전운전불이행,-,맑음,단일로 - 기타,개인형이동수단(PM),남,21세,상해없음,보행자,여,74세,경상
2021072600100608,2021년 7월 26일 22시,월요일,서울특별시 노원구 하계동,,부상신고사고,0,0,0,1,차대차 - 측면충돌,불법유턴,-,맑음,교차로 - 교차로안,개인형이동수단(PM),남,20세,부상신고,승용,남,45세,상해없음
2021072600100626,2021년 7월 26일 23시,월요일,서울특별시 마포구 서교동,,경상사고,0,0,1,0,차량단독 - 기타,안전운전불이행,-,맑음,단일로 - 기타,개인형이동수단(PM),여,34세,경상,,,,
2021072600100628,2021년 7월 26일 23시,월요일,서울특별시 강남구 대치동,,경상사고,0,0,1,0,차대차 - 기타,안전운전불이행,-,기타,교차로 - 교차로횡단보도내,개인형이동수단(PM),남,25세,경상,승용,남,65세,상해없음
2021072700100340,2021년 7월 27일 15시,화요일,서울특별시 강남구 도곡동,,부상신고사고,0,0,0,1,차대차 - 기타,안전운전불이행,-,맑음,단일로 - 기타,개인형이동수단(PM),남,48세,부상신고,승용,남,49세,상해없음
2021072800100081,2021년 7월 28일 08시,수요일,서울특별시 송파구 신천동,,중상사고,0,1,0,0,차대사람 - 기타,기타,-,맑음,단일로 - 기타,개인형이동수단(PM),남,41세,상해없음,보행자,여,43세,중상
2021072800100243,2021년 7월 28일 13시,수요일,서울특별시 동대문구 휘경동,,중상사고,0,1,0,0,차대차 - 측면충돌,안전운전불이행,-,맑음,단일로 - 기타,개인형이동수단(PM),남,36세,상해없음,자전거,남,73세,중상
2021072800100275,2021년 7월 28일 14시,수요일,서울특별시 관악구 신림동,,경상사고,0,0,1,0,차대차 - 정면충돌,중앙선침범,-,비,단일로 - 기타,개인형이동수단(PM),남,27세,경상,승용,남,44세,상해없음
2021072800100345,2021년 7월 28일 16시,수요일,서울특별시 중랑구 면목동,,경상사고,0,0,1,0,차대차 - 정면충돌,안전운전불이행,-,맑음,교차로 - 교차로안,개인형이동수단(PM),남,14세,경상,승용,남,73세,상해없음
2021072800100446,2021년 7월 28일 18시,수요일,서울특별시 송파구 방이동,,중상사고,0,1,1,0,차대차 - 정면충돌,신호위반,-,맑음,단일로 - 기타,개인형이동수단(PM),남,32세,경상,자전거,여,54세,중상
2021072800100576,2021년 7월 28일 22시,수요일,서울특별시 관악구 신림동,,경상사고,0,0,1,0,차대차 - 정면충돌,안전운전불이행,-,맑음,교차로 - 교차로안,개인형이동수단(PM),남,22세,경상,승용,남,52세,상해없음
2021072900100022,2021년 7월 29일 03시,목요일,서울특별시 성동구 성수동2가,,중상사고,0,1,0,0,차량단독 - 도로외이탈 - 추락,안전운전불이행,-,맑음,단일로 - 기타,개인형이동수단(PM),남,44세,중상,,,,
2021072900100066,2021년 7월 29일 08시,목요일,서울특별시 서초구 양재동,,중상사고,0,1,0,0,차대사람 - 보도통행중,기타,-,맑음,단일로 - 기타,개인형이동수단(PM),남,28세,상해없음,보행자,여,51세,중상
2021072900100247,2021년 7월 29일 13시,목요일,서울특별시 성동구 성수동2가,,중상사고,0,1,0,0,차대차 - 측면충돌,안전운전불이행,-,맑음,교차로 - 교차로횡단보도내,개인형이동수단(PM),여,25세,중상,승용,남,42세,상해없음
2021073000100098,2021년 7월 30일 09시,금요일,서울특별시 강남구 논현동,,경상사고,0,0,1,0,차대사람 - 보도통행중,기타,-,맑음,단일로 - 기타,개인형이동수단(PM),남,38세,기타불명,보행자,여,30세,경상
2021073000100240,2021년 7월 30일 13시,금요일,서울특별시 송파구 가락동,,경상사고,0,0,1,0,차대차 - 기타,안전운전불이행,-,맑음,기타 - 기타,개인형이동수단(PM),남,23세,경상,승용,여,59세,상해없음
2021073000100442,2021년 7월 30일 18시,금요일,서울특별시 강남구 논현동,,경상사고,0,0,2,0,차대차 - 측면충돌,안전운전불이행,-,맑음,교차로 - 교차로부근,개인형이동수단(PM),여,34세,경상,이륜,남,30세,경상
2021073100100041,2021년 7월 31일 05시,토요일,서울특별시 노원구 중계동,,경상사고,0,0,1,0,차대차 - 측면충돌,신호위반,-,맑음,교차로 - 교차로안,개인형이동수단(PM),남,18세,경상,승용,남,61세,상해없음
2021073100100128,2021년 7월 31일 11시,토요일,서울특별시 강서구 화곡동,,부상신고사고,0,0,0,1,차대차 - 측면충돌,직진우회전진행방해,-,맑음,교차로 - 교차로안,개인형이동수단(PM),남,25세,부상신고,승용,여,57세,상해없음
2021073100100495,2021년 7월 31일 21시,토요일,서울특별시 강북구 번동,,경상사고,0,0,1,0,차대사람 - 횡단중,중앙선침범,-,맑음,단일로 - 기타,개인형이동수단(PM),남,17세,상해없음,보행자,여,28세,경상
2021080100100057,2021년 8월 1일 09시,일요일,서울특별시 동작구 사당동,,중상사고,0,2,1,0,차대차 - 측면충돌,직진우회전진행방해,-,맑음,교차로 - 교차로안,개인형이동수단(PM),남,20세,중상,승용,남,62세,경상
2021080100100285,2021년 8월 1일 18시,일요일,서울특별시 강서구 등촌동,,부상신고사고,0,0,0,1,차대차 - 측면충돌,안전운전불이행,-,흐림,단일로 - 기타,개인형이동수단(PM),남,52세,부상신고,승용,남,28세,상해없음
2021080300100459,2021년 8월 3일 21시,화요일,서울특별시 중랑구 망우동,,부상신고사고,0,0,0,1,차대사람 - 횡단중,안전운전불이행,-,맑음,단일로 - 기타,개인형이동수단(PM),남,41세,부상신고,보행자,남,68세,상해없음
2021080500100063,2021년 8월 5일 08시,목요일,서울특별시 강동구 성내동,,경상사고,0,0,1,0,차대차 - 측면충돌,안전운전불이행,-,맑음,기타 - 기타,개인형이동수단(PM),남,21세,경상,승용,여,20세,상해없음
2021080500100315,2021년 8월 5일 15시,목요일,서울특별시 용산구 효창동,,중상사고,0,1,0,0,차대차 - 기타,안전운전불이행,-,맑음,기타 - 기타,개인형이동수단(PM),남,53세,중상,승용,남,48세,기타불명
2021080500100486,2021년 8월 5일 19시,목요일,서울특별시 강서구 마곡동,,경상사고,0,0,1,0,차대차 - 측면충돌,안전운전불이행,-,맑음,단일로 - 기타,개인형이동수단(PM),기타불명,미분류,기타불명,자전거,여,25세,경상
2021080600100101,2021년 8월 6일 09시,금요일,서울특별시 마포구 염리동,,중상사고,0,1,0,0,차대사람 - 기타,안전운전불이행,-,맑음,단일로 - 기타,개인형이동수단(PM),여,29세,상해없음,보행자,여,65세,중상
2021080600100102,2021년 8월 6일 09시,금요일,서울특별시 동작구 상도동,,경상사고,0,0,1,0,차대차 - 측면충돌,안전운전불이행,-,맑음,교차로 - 교차로안,개인형이동수단(PM),남,24세,상해없음,승용,여,36세,경상
2021080600100398,2021년 8월 6일 17시,금요일,서울특별시 은평구 녹번동,,중상사고,0,1,0,0,차대사람 - 보도통행중,기타,-,맑음,단일로 - 기타,개인형이동수단(PM),남,77세,상해없음,보행자,남,41세,중상
2021080600100576,2021년 8월 6일 21시,금요일,서울특별시 강남구 논현동,,경상사고,0,0,1,0,차대사람 - 보도통행중,기타,-,맑음,기타 - 기타,개인형이동수단(PM),여,31세,기타불명,보행자,여,24세,경상
2021080600100598,2021년 8월 6일 22시,금요일,서울특별시 마포구 서교동,,중상사고,0,1,0,0,차대사람 - 기타,안전운전불이행,-,맑음,기타 - 기타,개인형이동수단(PM),여,27세,상해없음,보행자,여,20세,중상
2021080700100392,2021년 8월 7일 18시,토요일,서울특별시 강남구 역삼동,,경상사고,0,0,1,0,차대차 - 측면충돌,직진우회전진행방해,-,맑음,교차로 - 교차로안,개인형이동수단(PM),남,36세,경상,승용,남,25세,상해없음
2021080800100057,2021년 8월 8일 08시,일요일,서울특별시 강남구 역삼동,,부상신고사고,0,0,0,1,차량단독 - 기타,기타,-,맑음,기타 - 기타,개인형이동수단(PM),남,26세,부상신고,,,,
2021080800100320,2021년 8월 8일 19시,일요일,서울특별시 금천구 독산동,,경상사고,0,0,1,0,차대사람 - 보도통행중,기타,-,비,기타 - 기타,개인형이동수단(PM),남,42세,상해없음,보행자,남,25세,경상
2021080900100012,2021년 8월 9일 01시,월요일,서울특별시 강남구 도곡동,,경상사고,0,0,1,0,차대차 - 기타,안전운전불이행,-,기타,기타 - 기타,개인형이동수단(PM),기타불명,미분류,기타불명,승용,남,58세,상해없음
2021080900100458,2021년 8월 9일 18시,월요일,서울특별시 동작구 사당동,,경상사고,0,0,1,0,차대사람 - 기타,안전운전불이행,-,맑음,단일로 - 기타,개인형이동수단(PM),남,37세,상해없음,보행자,여,48세,경상
2021081000100134,2021년 8월 10일 11시,화요일,서울특별시 서초구 우면동,,중상사고,0,1,1,0,차대차 - 측면충돌,기타,-,맑음,교차로 - 교차로횡단보도내,개인형이동수단(PM),남,26세,중상,승용,여,33세,경상
2021081200100169,2021년 8월 12일 11시,목요일,서울특별시 양천구 신정동,,경상사고,0,0,1,0,차대차 - 기타,안전운전불이행,-,맑음,단일로 - 기타,개인형이동수단(PM),남,28세,경상,화물,남,24세,상해없음
2021081300100429,2021년 8월 13일 18시,금요일,서울특별시 강남구 역삼동,,경상사고,0,0,1,0,차대사람 - 보도통행중,기타,-,맑음,단일로 - 기타,개인형이동수단(PM),여,32세,상해없음,보행자,여,29세,경상
2021081400100042,2021년 8월 14일 06시,토요일,서울특별시 송파구 잠실동,,중상사고,0,1,0,0,차대차 - 정면충돌,안전운전불이행,-,맑음,단일로 - 기타,개인형이동수단(PM),남,24세,상해없음,자전거,여,73세,중상
2021081400100158,2021년 8월 14일 12시,토요일,서울특별시 송파구 석촌동,,부상신고사고,0,0,0,1,차대차 - 측면충돌,안전운전불이행,-,맑음,교차로 - 교차로안,개인형이동수단(PM),여,19세,상해없음,자전거,여,61세,부상신고
2021081400100477,2021년 8월 14일 22시,토요일,서울특별시 마포구 합정동,,중상사고,0,1,0,0,차대사람 - 기타,신호위반,-,맑음,단일로 - 기타,개인형이동수단(PM),남,22세,상해없음,보행자,여,32세,중상
2021081500100050,2021년 8월 15일 07시,일요일,서울특별시 동작구 사당동,,부상신고사고,0,0,0,1,차대차 - 기타,안전운전불이행,-,맑음,교차로 - 교차로안,개인형이동수단(PM),남,24세,부상신고,승용,남,49세,상해없음
2021081700100306,2021년 8월 17일 15시,화요일,서울특별시 도봉구 쌍문동,,경상사고,0,0,1,0,차대사람 - 횡단중,신호위반,-,맑음,교차로 - 교차로횡단보도내,개인형이동수단(PM),여,52세,상해없음,보행자,여,62세,경상
2021081800100115,2021년 8월 18일 10시,수요일,서울특별시 송파구 석촌동,,중상사고,0,1,0,0,차대사람 - 보도통행중,안전운전불이행,-,맑음,단일로 - 기타,개인형이동수단(PM),여,25세,상해없음,보행자,여,58세,중상
2021081800100214,2021년 8월 18일 13시,수요일,서울특별시 송파구 송파동,,경상사고,0,0,1,0,차대사람 - 기타,안전운전불이행,-,맑음,기타 - 기타,개인형이동수단(PM),남,26세,상해없음,보행자,남,34세,경상
2021081900100088,2021년 8월 19일 09시,목요일,서울특별시 동대문구 장안동,,경상사고,0,0,1,0,차대사람 - 기타,기타,-,맑음,단일로 - 기타,개인형이동수단(PM),남,59세,상해없음,보행자,여,38세,경상
2021082000100441,2021년 8월 20일 18시,금요일,서울특별시 서초구 서초동,,경상사고,0,0,1,0,차대사람 - 보도통행중,기타,-,맑음,단일로 - 기타,개인형이동수단(PM),여,21세,상해없음,보행자,남,45세,경상
2021082000100634,2021년 8월 20일 23시,금요일,서울특별시 노원구 상계동,,경상사고,0,0,1,0,차대차 - 측면충돌,안전운전불이행,-,비,단일로 - 기타,개인형이동수단(PM),남,18세,상해없음,자전거,남,45세,경상
2021082200100282,2021년 8월 22일 18시,일요일,서울특별시 서초구 반포동,,경상사고,0,0,1,0,차대차 - 측면충돌,기타,-,비,단일로 - 기타,개인형이동수단(PM),남,34세,경상,승용,남,55세,상해없음
2021082300100108,2021년 8월 23일 10시,월요일,서울특별시 노원구 상계동,,중상사고,0,1,0,0,차대차 - 측면충돌,안전운전불이행,-,맑음,단일로 - 기타,개인형이동수단(PM),남,32세,중상,승용,남,40세,상해없음
2021082500100036,2021년 8월 25일 06시,수요일,서울특별시 중랑구 상봉동,,경상사고,0,0,1,0,차대사람 - 보도통행중,기타,-,맑음,기타 - 기타,개인형이동수단(PM),남,36세,상해없음,보행자,여,37세,경상
2021082500100289,2021년 8월 25일 15시,수요일,서울특별시 동작구 흑석동,,경상사고,0,0,1,0,차대차 - 측면충돌,불법유턴,-,맑음,교차로 - 교차로부근,개인형이동수단(PM),남,25세,경상,화물,남,73세,상해없음
2021082700100480,2021년 8월 27일 20시,금요일,서울특별시 서대문구 충정로3가,,경상사고,0,0,1,0,차대사람 - 보도통행중,기타,-,맑음,단일로 - 기타,개인형이동수단(PM),남,20세,상해없음,보행자,남,55세,경상
2021082800100161,2021년 8월 28일 12시,토요일,서울특별시 서초구 서초동,,중상사고,0,1,0,0,차량단독 - 기타,안전운전불이행,-,맑음,교차로 - 교차로부근,개인형이동수단(PM),남,29세,중상,,,,
2021082900100007,2021년 8월 29일 01시,일요일,서울특별시 노원구 상계동,,부상신고사고,0,0,0,1,차대차 - 기타,안전운전불이행,-,맑음,단일로 - 기타,개인형이동수단(PM),남,24세,부상신고,승용,남,36세,기타불명
2021083000100243,2021년 8월 30일 14시,월요일,서울특별시 광진구 자양동,,경상사고,0,0,1,0,차대사람 - 횡단중,보행자보호의무위반,-,맑음,교차로 - 교차로횡단보도내,개인형이동수단(PM),남,15세,상해없음,보행자,남,65세,경상
2021083000100244,2021년 8월 30일 14시,월요일,서울특별시 성동구 성수동2가,,경상사고,0,0,1,0,차대차 - 측면충돌,안전운전불이행,-,맑음,교차로 - 교차로부근,개인형이동수단(PM),여,22세,경상,승용,여,53세,상해없음
2021083100100057,2021년 8월 31일 08시,화요일,서울특별시 광진구 화양동,,중상사고,0,1,0,0,차대사람 - 차도통행중,안전운전불이행,-,비,단일로 - 기타,개인형이동수단(PM),남,31세,상해없음,보행자,여,32세,중상
2021090200100308,2021년 9월 2일 16시,목요일,서울특별시 송파구 잠실동,,경상사고,0,0,1,0,차대차 - 기타,신호위반,-,맑음,기타 - 기타,개인형이동수단(PM),남,29세,경상,승용,남,61세,상해없음
2021090200100442,2021년 9월 2일 19시,목요일,서울특별시 송파구 가락동,,경상사고,0,0,1,0,차대차 - 기타,안전운전불이행,-,맑음,교차로 - 교차로안,개인형이동수단(PM),남,16세,상해없음,이륜,남,19세,경상
2021090300100343,2021년 9월 3일 17시,금요일,서울특별시 송파구 송파동,,부상신고사고,0,0,0,1,차대사람 - 기타,안전운전불이행,-,맑음,단일로 - 기타,개인형이동수단(PM),남,51세,상해없음,보행자,여,69세,부상신고
2021090400100072,2021년 9월 4일 09시,토요일,서울특별시 동대문구 전농동,,부상신고사고,0,0,0,1,차대차 - 측면충돌,직진우회전진행방해,-,맑음,교차로 - 교차로안,개인형이동수단(PM),남,26세,부상신고,승용,남,68세,상해없음
2021090500100002,2021년 9월 5일 01시,일요일,서울특별시 광진구 자양동,,경상사고,0,0,1,0,차대차 - 측면충돌,직진우회전진행방해,-,맑음,교차로 - 교차로안,개인형이동수단(PM),여,27세,경상,승용,남,63세,상해없음
2021090700100560,2021년 9월 7일 22시,화요일,서울특별시 노원구 상계동,,경상사고,0,0,1,0,차량단독 - 전도전복 - 전도,기타,-,비,기타 - 기타,개인형이동수단(PM),남,22세,경상,,,,
2021090800100199,2021년 9월 8일 11시,수요일,서울특별시 서초구 양재동,,경상사고,0,0,1,0,차대사람 - 기타,안전운전불이행,-,맑음,단일로 - 기타,개인형이동수단(PM),여,27세,상해없음,보행자,남,29세,경상
2021091000100147,2021년 9월 10일 10시,금요일,서울특별시 구로구 신도림동,,중상사고,0,1,0,0,차대차 - 기타,안전운전불이행,-,맑음,기타 - 기타,개인형이동수단(PM),여,43세,상해없음,자전거,여,67세,중상
2021091000100306,2021년 9월 10일 15시,금요일,서울특별시 강남구 역삼동,,경상사고,0,0,1,0,차대사람 - 길가장자리구역통행중,신호위반,-,맑음,단일로 - 기타,개인형이동수단(PM),여,22세,상해없음,보행자,남,29세,경상
2021091000100582,2021년 9월 10일 21시,금요일,서울특별시 서대문구 창천동,,중상사고,0,1,0,0,차대사람 - 보도통행중,기타,-,흐림,단일로 - 기타,개인형이동수단(PM),남,19세,상해없음,보행자,여,29세,중상
2021091000100618,2021년 9월 10일 22시,금요일,서울특별시 강남구 논현동,,경상사고,0,0,1,0,차대차 - 기타,기타,-,흐림,교차로 - 교차로횡단보도내,개인형이동수단(PM),여,39세,경상,승용,남,50세,상해없음
2021091100100010,2021년 9월 11일 01시,토요일,서울특별시 강남구 논현동,,경상사고,0,0,2,0,차대차 - 측면충돌,신호위반,-,맑음,교차로 - 교차로안,개인형이동수단(PM),여,32세,상해없음,승용,남,19세,경상
2021091100100088,2021년 9월 11일 09시,토요일,서울특별시 광진구 자양동,,부상신고사고,0,0,0,1,차대차 - 측면충돌,안전운전불이행,-,맑음,교차로 - 교차로부근,개인형이동수단(PM),여,18세,부상신고,승용,남,66세,상해없음
2021091100100372,2021년 9월 11일 15시,토요일,서울특별시 송파구 신천동,,경상사고,0,0,1,0,차대사람 - 기타,안전운전불이행,-,맑음,단일로 - 기타,개인형이동수단(PM),여,34세,상해없음,보행자,여,6세,경상
2021091400100444,2021년 9월 14일 16시,화요일,서울특별시 은평구 갈현동,,경상사고,0,0,1,2,차대차 - 정면충돌,안전운전불이행,-,맑음,단일로 - 기타,개인형이동수단(PM),남,14세,부상신고,자전거,남,24세,경상
2021091500100691,2021년 9월 15일 21시,수요일,서울특별시 관악구 봉천동,,중상사고,0,1,0,0,차대차 - 기타,안전운전불이행,-,맑음,교차로 - 교차로안,개인형이동수단(PM),남,9세,상해없음,승용,여,37세,상해없음
2021091700100519,2021년 9월 17일 17시,금요일,서울특별시 강남구 삼성동,,경상사고,0,0,1,0,차대사람 - 보도통행중,기타,-,맑음,기타 - 기타,개인형이동수단(PM),남,16세,기타불명,보행자,남,56세,경상
2021091800100032,2021년 9월 18일 05시,토요일,서울특별시 강남구 개포동,,경상사고,0,0,1,0,차대차 - 측면충돌,신호위반,-,맑음,교차로 - 교차로안,개인형이동수단(PM),여,19세,경상,승용,남,43세,상해없음
2021091800100332,2021년 9월 18일 14시,토요일,서울특별시 강남구 신사동,,경상사고,0,0,1,0,차대사람 - 보도통행중,기타,-,맑음,기타 - 기타,개인형이동수단(PM),남,24세,상해없음,보행자,남,30세,경상
2021091800100586,2021년 9월 18일 20시,토요일,서울특별시 송파구 오금동,,부상신고사고,0,0,0,1,차량단독 - 전도전복 - 전도,안전운전불이행,-,맑음,단일로 - 기타,개인형이동수단(PM),남,26세,부상신고,,,,
2021091900100341,2021년 9월 19일 18시,일요일,서울특별시 마포구 합정동,,부상신고사고,0,0,0,1,차대차 - 기타,안전운전불이행,-,맑음,교차로 - 교차로횡단보도내,개인형이동수단(PM),남,25세,상해없음,원동기,남,22세,부상신고
2021091900100394,2021년 9월 19일 20시,일요일,서울특별시 송파구 오금동,,경상사고,0,0,1,0,차량단독 - 기타,안전운전불이행,-,기타,교차로 - 교차로안,개인형이동수단(PM),남,49세,경상,,,,
2021092000100305,2021년 9월 20일 17시,월요일,서울특별시 성북구 성북동,,경상사고,0,0,1,0,차대차 - 측면충돌,안전운전불이행,-,맑음,교차로 - 교차로횡단보도내,개인형이동수단(PM),남,25세,경상,승용,남,59세,상해없음
2021092000100361,2021년 9월 20일 19시,월요일,서울특별시 송파구 가락동,,경상사고,0,0,1,0,차대사람 - 보도통행중,안전운전불이행,-,맑음,단일로 - 기타,개인형이동수단(PM),여,15세,상해없음,보행자,여,25세,경상
2021092200100174,2021년 9월 22일 14시,수요일,서울특별시 강남구 대치동,,중상사고,0,1,0,0,차대사람 - 기타,안전운전불이행,-,맑음,단일로 - 교량,개인형이동수단(PM),남,15세,상해없음,보행자,여,73세,중상
2021092300100174,2021년 9월 23일 11시,목요일,서울특별시 노원구 하계동,,경상사고,0,0,1,0,차대사람 - 보도통행중,기타,-,맑음,단일로 - 기타,개인형이동수단(PM),남,28세,상해없음,보행자,여,48세,경상
2021092300100494,2021년 9월 23일 19시,목요일,서울특별시 강남구 도곡동,,경상사고,0,0,1,0,차대차 - 기타,안전운전불이행,-,맑음,단일로 - 기타,개인형이동수단(PM),남,25세,경상,승용,남,51세,상해없음
2021092400100468,2021년 9월 24일 19시,금요일,서울특별시 강남구 신사동,,부상신고사고,0,0,0,1,차대차 - 기타,안전운전불이행,-,맑음,단일로 - 기타,개인형이동수단(PM),남,36세,부상신고,이륜,남,39세,상해없음
2021092500100419,2021년 9월 25일 21시,토요일,서울특별시 강서구 내발산동,,경상사고,0,0,1,0,차대사람 - 보도통행중,기타,-,맑음,단일로 - 기타,개인형이동수단(PM),남,22세,상해없음,보행자,남,39세,경상
2021092500100473,2021년 9월 25일 23시,토요일,서울특별시 중랑구 중화동,,중상사고,0,1,0,0,차대사람 - 기타,안전운전불이행,-,맑음,기타 - 기타,개인형이동수단(PM),남,20세,상해없음,보행자,여,57세,중상
2021092600100381,2021년 9월 26일 22시,일요일,서울특별시 마포구 동교동,,경상사고,0,0,1,0,차대차 - 측면충돌,안전거리미확보,-,흐림,단일로 - 기타,개인형이동수단(PM),남,28세,경상,승용,여,62세,상해없음